[
  {
    "ImageId": "BMW 1.jpg",
    "FaceInsights": [],
    "VisionInsights": {
      "Caption": "a car parked on the side of a building",
      "Tags": [
        "car",
        "building",
        "outdoor",
        "road",
        "transport",
        "street",
        "parked",
        "curb"
      ]
    }
  },
  {
    "ImageId": "BMW 2.jpg",
    "FaceInsights": [],
    "VisionInsights": {
      "Caption": "a police car parked in a parking lot",
      "Tags": [
        "road",
        "car",
        "outdoor",
        "street",
        "transport",
        "city",
        "police",
        "suv",
        "silver"
      ]
    }
  },
  {
    "ImageId": "BMW 3.jpg",
    "FaceInsights": [],
    "VisionInsights": {
      "Caption": "a close up of a car",
      "Tags": [
        "car",
        "transport"
      ]
    }
  },
  {
    "ImageId": "BMW 4.jpg",
    "FaceInsights": [],
    "VisionInsights": {
      "Caption": "a red car parked in a parking lot",
      "Tags": [
        "car",
        "red",
        "roof",
        "coupe"
      ]
    }
  },
  {
    "ImageId": "BMW 5.jpg",
    "FaceInsights": [],
    "VisionInsights": {
      "Caption": "a close up of a car",
      "Tags": [
        "car",
        "transport",
        "roof",
        "suv",
        "sedan",
        "vehicle"
      ]
    }
  },
  {
    "ImageId": "BMW 6.jpg",
    "FaceInsights": [],
    "VisionInsights": {
      "Caption": "a close up of a car",
      "Tags": [
        "car",
        "transport",
        "coupe",
        "silver",
        "loan"
      ]
    }
  },
  {
    "ImageId": "BMW 7.jpg",
    "FaceInsights": [],
    "VisionInsights": {
      "Caption": "a car parked on the side of a road",
      "Tags": [
        "road",
        "car",
        "outdoor",
        "transport",
        "street",
        "driving",
        "sedan",
        "silver",
        "wheel",
        "hatchback",
        "summer"
      ]
    }
  },
  {
    "ImageId": "BMW 8.jpg",
    "FaceInsights": [],
    "VisionInsights": {
      "Caption": "a car parked in front of a building",
      "Tags": [
        "car",
        "outdoor",
        "way",
        "curb",
        "supercar",
        "wheel",
        "silver",
        "rim"
      ]
    }
  },
  {
    "ImageId": "BMW 9.jpg",
    "FaceInsights": [],
    "VisionInsights": {
      "Caption": "a car parked on the side of a road",
      "Tags": [
        "car",
        "road",
        "transport",
        "wheel",
        "sedan",
        "black and white",
        "silver",
        "suv"
      ]
    }
  },
  {
    "ImageId": "BMW 10.jpg",
    "FaceInsights": [],
    "VisionInsights": {
      "Caption": "a car parked on a city street",
      "Tags": [
        "car",
        "building",
        "road",
        "outdoor",
        "street",
        "transport",
        "parked",
        "city",
        "old",
        "curb",
        "roof",
        "sedan",
        "coupe"
      ]
    }
  },
  {
    "ImageId": "BMW 11.jpg",
    "FaceInsights": [],
    "VisionInsights": {
      "Caption": "a car parked in a parking lot",
      "Tags": [
        "car",
        "wheel",
        "sedan"
      ]
    }
  },
  {
    "ImageId": "BMW 12.jpg",
    "FaceInsights": [],
    "VisionInsights": {
      "Caption": "a close up of a car",
      "Tags": [
        "car",
        "transport",
        "sedan",
        "coupe",
        "hatchback"
      ]
    }
  },
  {
    "ImageId": "BMW 13.jpg",
    "FaceInsights": [],
    "VisionInsights": {
      "Caption": "a blue car",
      "Tags": [
        "car",
        "road",
        "outdoor",
        "transport",
        "blue",
        "suv",
        "wheel"
      ]
    }
  },
  {
    "ImageId": "BMW 14.jpg",
    "FaceInsights": [],
    "VisionInsights": {
      "Caption": "a red car",
      "Tags": [
        "building",
        "red",
        "road",
        "car",
        "outdoor",
        "transport",
        "street",
        "vehicle"
      ]
    }
  },
  {
    "ImageId": "BMW 15.jpg",
    "FaceInsights": [],
    "VisionInsights": {
      "Caption": "a car parked on the side of a road",
      "Tags": [
        "car",
        "outdoor",
        "road",
        "parked",
        "roof",
        "focus",
        "show",
        "drift"
      ]
    }
  },
  {
    "ImageId": "BMW 16.jpg",
    "FaceInsights": [],
    "VisionInsights": {
      "Caption": "a car parked on the side of a road",
      "Tags": [
        "car",
        "road",
        "silver",
        "wheel",
        "drift",
        "sports car"
      ]
    }
  },
  {
    "ImageId": "BMW 17.jpg",
    "FaceInsights": [],
    "VisionInsights": {
      "Caption": "a close up of a car",
      "Tags": [
        "car",
        "transport",
        "suv",
        "vehicle"
      ]
    }
  },
  {
    "ImageId": "BMW 18.jpg",
    "FaceInsights": [],
    "VisionInsights": {
      "Caption": "a car parked in a parking lot",
      "Tags": [
        "car",
        "outdoor",
        "parked",
        "suv",
        "coupe"
      ]
    }
  },
  {
    "ImageId": "BMW 19.jpg",
    "FaceInsights": [],
    "VisionInsights": {
      "Caption": "a close up of a car",
      "Tags": [
        "transport",
        "car",
        "suv",
        "sedan",
        "vehicle"
      ]
    }
  },
  {
    "ImageId": "BMW 20.jpg",
    "FaceInsights": [],
    "VisionInsights": {
      "Caption": "a blue car",
      "Tags": [
        "car",
        "blue",
        "outdoor",
        "transport",
        "wheel",
        "vehicle"
      ]
    }
  }
]